House District,Precinct Number,Precinct Name,Polling Place Name,Address
01,01-600,Ketchikan No. 1,Gateway Recreation Center,
01,01-610,Ketchikan No. 2,Plaza Mall,2417 Tongass Avenue
01,01-620,Ketchikan No. 3,Ketchikan Ferry Terminal,3501 Tongass Avenue
01,01-640,North Tongass No. 1,North Tongass Fire Station No 6,7550 N Tongass Highway
01,01-650,North Tongass No. 2,North Tongass Fire Station No 8,13110 N Tongass Highway
01,01-660,Saxman,Saxman Community Hall,2841 S Tongass Hwy
01,01-670,South Tongass,South Tongass Alliance Church,376 Old Homestead Rd
01,01-675,Coffman Cove,City Library,106 Denali Alley
01,01-680,Metlakatla,Metlakatla Town Hall,317 3rd Ave.
01,01-690,Wrangell,James & Elsie Nolan Civic Center,296 Campbell Dr
02,02-700,Angoon,Angoon City Office Court Room,700 Aan Deina Aat St
02,02-705,Craig,Craig City Hall,500 Third St
02,02-720,Hoonah,Hoonah City Hall,300 Front St
02,02-725,Hydaburg,New LocationRecreation Building,New Location(Blue Bldg)
02,02-730,Kake,Kake City Hall,264 Front St
02,02-735,Kasaan,David S Peele Community Hall,Peele & Jones Street
02,02-740,Klawock,Klawock City Hall,550 Summit Street
02,02-750,Pelican/Elfin Cove,Pelican City Hall,Salmon Way
02,02-755,Petersburg/Kupreanof,Community Center,105 Charles W Street
02,02-760,Port Alexander,Bear Hall Community Center,
02,02-765,Sitka No. 1,Harrigan Centennial Hall,330 Harbor Dr
02,02-770,Sitka No. 2,Harrigan Centennial Hall,330 Harbor Dr
02,02-775,Tenakee Springs,Tenakee Community Center,Tenakee Avenue
02,02-780,Thorne Bay,Thorne Bay City Hall,120 Freeman Dr
02,02-785,Yakutat,Yakutat Public Safety Bldg,609 Forest Hwy 10
03,03-300,Auke Bay,UAS Recreation Center,12300 Mendenhall Loop Rd
03,03-305,Lynn Canal,Auke Bay Ferry Terminal,13485 Glacier Highway
03,03-310,Melvin Park,Glacier Valley Baptist Church,3921 Mendenhall Loop Rd
03,03-315,Mendenhall Glacier,New LocationSt Brendan’s Episcopal Church,New Location4207 Mendenhall Loop Rd
03,03-320,Thunder Mountain,Mendenhall Valley Public Library,3025 Dimond Park Loop
03,03-325,Gustavus,Gustavus Community Center,1295 Gustavus Rd
03,03-330,Haines No. 1,Alaska Native Brotherhood Hall,111 First Ave S
03,03-335,Haines No. 2,Klehini Valley Fire Department,Mosquito Lake Road
03,03-340,Klukwan,Klukwan ANS Hall,
03,03-345,Skagway,Skagway Borough Office,700 Spring Street
04,04-100,Douglas,Douglas Public Library,1016 3rd Street
04,04-105,Juneau Airport Area,New LocationJuneau Christian Center,New Location8001 Glacier Hwy
04,04-110,Juneau No. 1,State Of Alaska Library Archives Museum,395 Whittier St
04,04-115,Juneau No. 2,New LocationCentennial Hall Convention Center,New Location101 Egan Dr
04,04-120,Juneau No. 3,New LocationRainforest Recovery Center,New Location3250 Hospital Dr
04,04-125,Lemon Creek,Alaska Electrical Light & Power,5601 Tonsgard Ct
04,04-130,Glacier Valley Area,Mendenhall Mall,9107 Mendenhall Mall Rd Ste. 311
04,04-135,North Douglas,Juneau Fire Station,820 Glacier Avenue
05,05-800,Chiniak,Chiniak Public Library,43318 Spruce Way
05,05-810,Flats,Womens Bay Fire Hall,538 Sargent Creek Road
05,05-815,Kodiak Island South,Larsen Bay Senior Center,
05,05-820,Kodiak No. 1,Harbor Master Office,403 Marine Way West
05,05-825,Kodiak No. 2,Community Teen Center,410 Cedar Street
05,05-830,Mission Road,Bayside Fire Hall,4606 E Rezanof Drive
05,05-835,Old Harbor,Old Harbor Senior Center,Three Saints Avenue
05,05-840,Ouzinkie,Ouzinkie Tribal Offices,3rd Street
05,05-845,Port Lions,Port Lions Community Building,207 Spruce Drive
05,05-860,Cordova,The Cordova Center,601 First Street
05,05-865,Seward/Lowell Point,Seward City Hall,410 Adams St
05,05-870,Tatitlek,Tatitlek Community Center,411 Old Village Rd
06,06-200,Anchor Point,Anchor Point Senior Center,Mi .25 Milo Fritz Avenue
06,06-210,Diamond Ridge,Homer Chamber Of Commerce,201 Sterling Highway
06,06-220,Fox River,Kachemak Emergency Services,53048 Ashwood Ave
06,06-230,Homer No. 1,Homer City Council Chambers,491 E Pioneer Avenue
06,06-240,Homer No. 2,Homer United Methodist Church,770 East End Rd
06,06-250,Kachemak/Fritz Creek,Kachemak Community Center,59906 Bear Creek Drive
06,06-260,Kasilof,Kasilof Community Church,51540 Mercantile Ave
06,06-270,Ninilchik,Ninilchik Community Center,15763 Kingsley Road
06,06-280,Seldovia/Kachemak,Seldovia Library,260 Seldovia Street
07,07-005,Central,Soldotna Sports Center,538 Arena Ave
07,07-010,K Beach,Soldotna Sports Center,538 Arena Ave
07,07-015,Kenai No. 1,Kenai Mall,11312 Kenai Spur Hwy
07,07-020,Kenai No. 2,Challenger Learning Center,9711 Kenai Spur Hwy
07,07-025,Kenai No. 3,Kenai Mall,11312 Kenai Spur Hwy
07,07-030,Soldotna,Soldotna Public Library,235 N Binkley St
08,08-035,Bear Creek,Bear Creek Fire Hall,13105 Seward Hwy
08,08-040,Cooper Landing,Cooper Landing Community Hall,Bean Creek Rd
08,08-045,Funny River No. 1,Funny River Community Center,35850 Pioneer Access
08,08-050,Funny River No. 2,Soldotna Prep School,426 W Redoubt Ave
08,08-055,Hope,Hope Retreat Center,A Ave
08,08-060,Mackey Lake,Soldotna Prep School,426 W Redoubt Ave
08,08-065,Moose Pass,Moose Pass Community Hall,Mi 29.5 Seward Hwy
08,08-070,Nikiski,Nikiski Community Rec Center,50097 Kenai Spur Hwy
08,08-075,Salamatof,Nikiski Community Rec Center,50097 Kenai Spur Hwy
08,08-080,Sterling No. 1,Sterling Community Center,38377 Swanson River Rd
08,08-085,Sterling No. 2,Sterling Community Center,38377 Swanson River Rd
09,09-105,Girdwood,Girdwood Community Center,250 Egloff St
09,09-110,Indian,Valley Bible Chalet,29135 Seward Hwy
09,09-115,South Anchorage No. 1,Rabbit Creek Elementary School,13650 Lake Otis Pkwy
09,09-120,South Anchorage No. 2,South High School,13400 Elmore Rd
09,09-125,South Anchorage No. 3,Rabbit Creek Community Church,3401 Rabbit Creek Rd
09,09-130,South Anchorage No. 4,Goldenview Middle School,15800 Golden View Dr
09,09-135,South Anchorage No. 5,Bear Valley Elementary School,15001 Mountain Air Dr
09,09-140,Stuckagain Heights,Benny Benson School,4515 Campbell Airstrip Rd
09,09-145,Whittier,New Location3rd Floor City Council Chambers Whittier Public Safety Building,New Location660 Whittier St
10,10-150,Dimond,Kingdom Life Church,1301 W 100th Ave
10,10-155,Oceanview No. 1,Christ Community Church,2222 W 100th Ave
10,10-160,Oceanview No. 2,Klatt Elementary School,11900 Puma St
10,10-165,Oceanview No. 3,Ocean View Elementary School,11911 Johns Rd
10,10-170,Oceanview No. 4,Christ Our Savior Lutheran Church,1612 Oceanview Dr
10,10-175,Oceanview No. 5,Sunset Hills Baptist Church,12130 Old Seward Hwy
11,11-205,Hillside No. 1,Hanshew Middle School,10121 Lake Otis Pkwy
11,11-210,Hillside No. 2,Spring Hill Elementary School,9911 Lake Otis Pkwy
11,11-215,Hillside No. 3,Bowman Elementary School,11700 Gregory Rd
11,11-220,Hillside No. 4,Alaska Zoo,4731 O’Malley Rd
11,11-225,Hillside No. 5,Alaska Zoo,4731 O’Malley Rd
11,11-230,Hillside No. 6,O’Malley Elementary School,11100 Rockridge Dr
11,11-235,Hillside No. 7,Seventh Day Adventist Conference Office,6100 O’Malley Rd
12,12-250,Southeast Anchorage No. 1,Northern Lights Abc,2424 E Dowling Rd
12,12-255,Southeast Anchorage No. 2,New LocationTrailside Elementary School,New Location5151 Abbott Rd
12,12-260,Southeast Anchorage No. 3,Moa Public Works Dept,4700 Elmore Rd
12,12-265,Southeast Anchorage No. 4,Kasuun Elementary School,4000 E 68th Ave
12,12-270,Southeast Anchorage No. 5,Service High School,5577 Abbott Rd
12,12-275,Southeast Anchorage No. 6,Service High School,5577 Abbott Rd
13,13-305,South Midtown No. 1,Plumbers And Steamfitters Hall,610 W 54th Ave
13,13-310,South Midtown No. 2,Campbell Elementary School,7206 Rovenna St
13,13-315,South Midtown No. 3,New LocationChangePoint,New Location6689 Changepoint Dr
13,13-320,South Midtown No. 4,Taku Elementary School,701 E 72nd Ave
13,13-325,South Midtown No. 5,Tudor Elementary School,1666 Cache Dr
14,14-350,North Midtown No. 1,Romig Middle School,2500 Minnesota Dr
14,14-355,North Midtown No. 2,Boys And Girls Club,2300 W 36th Ave
14,14-360,North Midtown No. 3,Northwood Elementary School,4807 Northwood Dr
14,14-365,North Midtown No. 4,Steller Secondary School,2508 Blueberry Rd
14,14-370,North Midtown No. 5,Willow Crest Elementary School,1004 W Tudor Rd
14,14-375,North Midtown No. 6,Loussac Library,3600 Denali St
14,14-380,North Midtown No. 7,Rogers Park Elementary School,1400 E Northern Lights Blvd
15,15-405,Southwest Anchorage No. 1,Jewel Lake Community Church,4025 W 88th Ave
15,15-410,Southwest Anchorage No. 2,Sand Lake Elementary School,7500 Jewel Lake Rd
15,15-415,Southwest Anchorage No. 3,Dimond High School,2909 W 88th Ave
15,15-420,Southwest Anchorage No. 4,Chinook Elementary School,3101 W 88th Ave
15,15-425,Southwest Anchorage No. 5,Mears Middle School,2700 W 100th Ave
15,15-430,Southwest Anchorage No. 6,Bayshore Elementary School,10500 Bayshore Dr
16,16-450,West Anchorage No. 1,Turnagain United Methodist Church,3300 W Northern Lights Blvd
16,16-455,West Anchorage No. 2,Turnagain Elementary School,3500 W Northern Lights Blvd
16,16-460,West Anchorage No. 3,Lake Hood Elementary School,3601 W 40th Ave
16,16-465,West Anchorage No. 4,Spenard Recreation Center,2020 W 48th Ave
16,16-470,West Anchorage No. 5,Filipino Bible Church,3340 Raspberry Rd
16,16-475,West Anchorage No. 6,Kinkaid Elementary School,4900 Raspberry Rd
16,16-480,West Anchorage No. 7,Gladys Wood Elementary School,7001 Cranberry St
17,17-505,Downtown Anchorage No. 1,First United Methodist Church,725 W 9th Ave
17,17-510,Downtown Anchorage No. 2,Central Middle School,1405 E St
17,17-515,Downtown Anchorage No. 3,West High School,1700 Hillcrest Dr
17,17-520,Downtown Anchorage No. 4,North Star Elementary School,605 W Fireweed Ln
17,17-525,Downtown Anchorage No. 5,Denali Montessori School,952 Cordova St
17,17-530,Downtown Anchorage No. 6,Fairview Recreation Center,1121 E 10th Ave
17,17-535,Downtown Anchorage No. 7,Fairview Elementary School,1327 Nelchina St
18,18-550,Government Hill,Government Hill Elementary School,525 E Bluff Dr
18,18-555,JBER No. 1,New LocationUrsa Minor Elementary School,New Location336 Hoonah Ave
18,18-556,JBER No. 2,New LocationOrion Elementary School,New Location5112 Arctic Warrior Dr.
18,18-560,North Muldoon,Bartlett High School,1101 Golden Bear Dr
18,18-565,Ship Creek,Moa Voting Center,619 E Ship Creek Ave
19,19-605,Airport Heights No. 1,Airport Heights Elementary School,1510 Alder Dr
19,19-610,Airport Heights No. 2,Williwaw Elementary School,1200 San Antonio St
19,19-615,Mountainview No. 1,Mt View Elementary School,4005 Mcphee Ave
19,19-620,Mountainview No. 2,Tyson Elementary School,2801 Richmond Ave
19,19-625,South Mountainview,Clark Middle School,150 Bragaw St
20,20-650,University No. 1,East High School,4025 E Northern Lights Blvd
20,20-655,University No. 2,YMCA,5353 Lake Otis Pkwy
20,20-660,University No. 3,College Gate Elementary School,3101 Sunflower St
20,20-665,University No. 4,Alaska Housing Finance Corporation Bldg,4300 Boniface Pkwy
20,20-670,University No. 5,Anchorage School District Bldg,5530 E Northern Lights Blvd
21,21-705,East Anchorage No. 1,Nunaka Valley Elementary School,1905 Twining Dr
21,21-710,East Anchorage No. 2,Begich Middle School,7440 Creekside Center Dr
21,21-715,East Anchorage No. 3,St Patrick’s Parish,2111 Muldoon Rd
21,21-720,East Anchorage No. 4,Baxter Elementary School,2991 Baxter Rd
21,21-725,East Anchorage No. 5,Scenic Park Elementary School,3933 Patterson St
22,22-750,Northeast Anchorage No. 1,Wonder Park Elementary School,5101 E 4th Ave
22,22-755,Northeast Anchorage No. 2,Ptarmigan Elementary School,888 Edward St
22,22-760,Northeast Anchorage No. 3,Creekside Park Elementary School,7500 E 6th Ave
22,22-765,Northeast Anchorage No. 4,Muldoon Elementary School,525 Cherry St
23,23-805,Chugach Park No. 1,Ravenwood Elementary School,9500 Wren Cir
23,23-810,Eagle River No. 1,Eagle River Elementary School,10900 Old Eagle River Rd
23,23-815,Eagle River No. 2,Alpenglow Elementary School,19201 Driftwood Bay Dr
23,23-820,Hiland,Eagle River High School,8701 Wolf Den Dr
23,23-825,Meadow Creek No. 1,Homestead Elementary School,18001 Baronoff Ave
23,23-830,Meadow Creek No. 2,Joy Lutheran Church,10111 E Eagle River Loop Rd
24,24-850,Chugach Park No. 2,Skyline Family Fellowship,18239 N Eagle River Loop Rd
24,24-855,Chugiak,Chugiak High School,16525 Birchwood Loop Rd
24,24-860,Eagle River No. 3,Eagle River Parks And Rec,12001 Business Blvd  No. 123
24,24-865,Eklutna,Mirror Lake Middle School,22901 Lake Hill Dr
24,24-870,Fire Lake,Fire Lake Elementary School,13801 Harry Mcdonald Rd
24,24-875,Peters Creek No. 1,Bridge Of Hope Apostolic Center,20640 Chapel Dr
24,24-880,Peters Creek No. 2,Bridge Of Hope Apostolic Center,20640 Chapel Dr
25,25-305,Butte,Butte Elementary School,4006 S Butte Rd
25,25-310,Greater Palmer,Palmer Community Center,610 S Valley Way
25,25-315,Lazy Mountain,Lazy Mountain Bible Church,16005 E Shawn Dr
25,25-320,Palmer City No. 1,Matsu Borough Building,350 E Dahlia Ave
25,25-325,Palmer City No. 2,Matsu School District Building,501 N Gulkana St
25,25-330,Springer Loop,Palmer 7th Day Adventist Church,2238 S Inner Springer Lp
25,25-335,Walby,Colony High School,9550 E Bogard Rd
26,26-350,Fairview No. 1,Machentanz Elementary School,4961 E Nelson Rd
26,26-355,Fairview No. 2,Central Matsu Fire Station 51,1911 S Terrace Ct
26,26-360,Knik Goose Bay No. 1,Knik Elementary School,6350 W Hollywood Rd
26,26-365,Knik Goose Bay No. 2,Central Matsu Fire Station 62,4568 S Knik Goose Bay Rd
26,26-370,Knik Goose Bay No. 3,Knik Elementary School,6350 W Hollywood Rd
26,26-375,Mat-Su Campus,Matanuska Susitna College,8295 E College Dr
26,26-380,Snowshoe,Fairview Loop Baptist Church,3118 W Fairview Lp
27,27-405,Foothills,American Legion Post 35,4180 W Tweed Ct
27,27-410,Meadow Lakes No. 1,Meadow Lakes Elementary School,1741 N Pittman Rd
27,27-415,Meadow Lakes No. 2,West Lakes Fire Department Station 73,10073 W Parks Hwy
27,27-420,Wasilla No. 1,Wasilla City Hall,290 E Herning Ave
27,27-425,Wasilla No. 2,Menard Sports Center,1001 Clapp St
28,28-450,Lakes No. 1,Finger Lake Elementary School,5981 E Eek St
28,28-455,Lakes No. 2,Pioneer Peak Elementary School,1959 N Stringfield Rd
28,28-460,Seldon No. 1,Tanaina Elementary School,2550 N Lucille St
28,28-465,Seldon No. 2,Alcantra National Guard Armory,3401 E Bogard Rd
28,28-470,Seward Meridian,White Fields Church,4800 E Palmer Wasilla Hwy
28,28-475,Trunk,Pioneer Peak Elementary School,1959 N Stringfield Rd
28,28-480,Wasilla Lake,Cottonwood Creek Elementary School,800 N Seward Meridian Pkwy
29,29-505,Farm Loop,New LocationChurch on the Rock,New Location619 E Scott Road
29,29-510,Fishhook,Government Peak Chalet,10690 N Mountain Trails Dr
29,29-515,Kings Lake,Larson Elementary,2722 E Seldon Rd
29,29-520,Lakes No. 3,Matsu Career Tech High School,2472 N Seward Meridian Pkwy
29,29-525,Sheep Mountain,Glacier View School,Mile 104 Glenn Hwy
29,29-530,Sutton,Sutton Library,11301 N Chickaloon Way
29,29-535,Valdez No. 1,Ike Woody Woodman Recreation Center,414 W Hanagita St
29,29-540,Valdez No. 2,Valdez City Council Chambers,212 Chenega Dr
29,29-545,Valdez No. 3,Robe River Fire Hall,124 River Rd
30,30-550,Anderson/Clear,Anderson City Building,1st Avenue
30,30-555,Big Lake,New LocationFaith Bible Fellowship Church,New Location14225 W Kluane Rd
30,30-560,Cantwell,Cantwell Community Center,Parks Hwy
30,30-565,Denali Park,Denali Park Community Center,Mile 230 Parks Hwy
30,30-570,East Schrock,Pittman Fire House,1685 N Pittman Rd
30,30-575,Healy,Tri Valley Community Center,5 Healy Spur Rd
30,30-580,Houston,Houston City Hall,13878 W Armstrong Rd
30,30-585,Knik Goose Bay No. 4,Joe Redington High School,10015 Redington School Rd
30,30-590,Trapper Creek,Trapper Creek Elementary School,6742 E Petersville Rd
30,30-595,Susitna,Susitna Valley High School,42728 S Parks Hwy
30,30-600,Talkeetna,Talkeetna Public Library,24645 Talkeetna Spur Rd
30,30-605,Willow,Willow Community Center,23557 W. Willow Community Center Cir.
31,31-446,Aurora,Agricultural Museum Fairgrounds,1800 College Road
31,31-455,Fairbanks No. 1,Noel Wien Library,1215 Cowles Street
31,31-480,Fairbanks No. 2,Pioneer Park Centennial Center,2300 Airport Way
31,31-485,Fairbanks No. 3,Shoppers Forum,1255 Airport Way
32,32-355,Fairbanks No. 4,Farewell Avenue Christian Church,100 Farewell Avenue
32,32-365,Fairbanks No. 5,Tanana Middle School,600 Trainor Gate Road
32,32-375,Fort Wainwright,Last Frontier Community Activity Center,1044 Apple St
32,32-385,Badger No. 2,Badger Plaza,771 Badger Road
33,33-130,Badger No. 1,New Hope Methodist Presbyterian Church,2371 Bradway Road
33,33-135,Chena Lakes,Santa Senior Center,101 5th Avenue
33,33-155,Moose Creek,New LocationEielson Church of Christ,New Location3445 Old Richardson Hwy
33,33-165,Newby,North Pole Plaza,301 N Santa Claus Lane
33,33-175,North Pole,North Pole City Hall,125 Snowman Lane
33,33-183,Plack,North Pole Plaza,301 N Santa Claus Lane
34,34-235,Eielson,Eielson Air Force Base Exchange,451 Broadway Avenue
34,34-238,Eielson Farm Road,New LocationEielson Church of Christ,New Location3445 Old Richardson Hwy
34,34-240,Farmers Loop,Seventh Day Adventist Church,1811 Farmers Loop Road
34,34-260,Salcha,Salcha Elementary School,8530 Richardson Highway
34,34-263,Steele Creek,Weller Elementary School,635 Elementary Drive
34,34-265,Steese,Bentley Mall,32 College Road
34,34-270,Summit,Bentley Mall,32 College Road
34,34-280,Two Rivers,Two Rivers Community Center,7234 Anders Avenue
35,35-580,Airport,Kornfeind Training Center,4782 Dale Road
35,35-582,Chena,Faith Baptist Church,910 Chena Pump Road
35,35-584,Ester,Ursa Major Distilling,2922 Parks Highway
35,35-586,Geist,University Baptist Church,1197 University Avenue
35,35-587,Lakeview,Genes Chrysler Center,3400 S Cushman Street
35,35-592,Shanly,Beaver Sports,3480 College Road
35,35-595,University Hills,Effie Kokrine Charter School,601 Loftus Road
35,35-596,University West,Woodriver Elementary School,5000 Palo Verde Avenue
36,36-001,Goldstream No. 1,Chena Goldstream Fire Station 3,1300 Goldstream Road
36,36-002,Goldstream No. 2,Ken Kunkel Community Center,2645 Goldstream Road
36,36-010,Allakaket,Allakaket City Office,
36,36-014,Anvik,Anvik Community Hall,
36,36-018,Arctic Village,Arctic Village Community Hall,
36,36-022,Beaver,Cruikshank School (Updated 11/8/22),310 River Rd
36,36-026,Bettles,Bettles Fire Station,
36,36-034,Central,Central Corner,128 Steese Highway
36,36-038,Chistochina,Slana League Building,Mi 64 Tok Cutoff
36,36-042,Circle,New LocationCircle Tribal Council,New Location
36,36-046,Copper Center,Native Village Of Kluti Kaah,Old Richardson Highway
36,36-050,Delta Junction,Delta Junction Community Center,2287 Deborah Street
36,36-054,Deltana,Delta Junction Community Center,2287 Deborah Street
36,36-058,Dot Lake,Dot Lake School,1360 Alaska Highway
36,36-062,Eagle,Eagle Public Library,
36,36-066,Fort Yukon,Addie Shewfelt Facility,
36,36-070,Gakona,Gakona Volunteer Fire Department,Mi 2.2 Tok Cutoff
36,36-074,Galena,Galena City Hall,
36,36-078,Glennallen,Copper Valley Community Library,Mi 186 Glenn Highway
36,36-082,Grayling,Grayling Community Hall,
36,36-086,Holy Cross,Holy Cross Community Hall,
36,36-090,Hughes,Hughes City Office,
36,36-094,Huslia,Huslia Community Hall,
36,36-098,Kaltag,Kaltag City Hall,
36,36-102,Kenny Lake,Kenny Lake Community Hall,
36,36-106,Koyukuk,Koyukuk City Office,
36,36-110,Manley,Manley Hot Springs Community Hall,
36,36-114,Mcgrath,Iasd Museum Transportation Exhibit Hall,90 Chinana Avenue
36,36-118,Mentasta,Mentasta Lake School,
36,36-122,Minto,Minto Lakeview Lodge,
36,36-126,Nenana,Nenana Civic Center,A Street
36,36-130,Nikolai,New LocationNikolai Village Office,New Location
36,36-134,Northway,Northway Community Center,
36,36-138,Nulato,New LocationNulato Elders Office,New Location
36,36-142,Ruby,Ruby Community Hall,6 Goodtime Road
36,36-146,Shageluk,Shageluk City Building,
36,36-162,Tanana,Donna Folger’s HouseUpdated 8/16,
36,36-166,Tetlin,Tetlin Community Hall,
36,36-170,Tok,Tok Senior Center,
36,36-174,Venetie,Venetie Community Hall,
37,37-700,Akutan,Akutan City Hall,109 Windy Way
37,37-702,Aleknagik,Aleknagik City Hall,33 Main Street
37,37-704,Aleutians No. 1,Bob Reeves High School,100 Mechanic Rd
37,37-706,Aleutians No. 2,Unalaska City Hall,43 Raven Way
37,37-707,Aniak,Aniak Community Hall,1 Community Hall Road
37,37-708,Chignik,Chignik Community Hall,101 Cemetary Road
37,37-709,Chuathbaluk,Chuathbaluk Community Hall,Community Center Drive
37,37-710,Clarks Point,Clark’s Point Village Council Office,Saguyak Ave
37,37-712,Cold Bay,Cold Bay Municipal Building,10 Baranov Street
37,37-713,Crooked Creek,Crooked Creek Village Office,404 Main Street
37,37-714,Dillingham,Dillingham City Hall,141 Main St
37,37-716,Egegik,Egegik City Hall,189 Airport Rd
37,37-718,Ekwok,Ekwok City Hall,101 Main Street
37,37-719,Goodnews Bay,City Office Chambers,
37,37-720,King Cove,King Cove Gymnasium,
37,37-722,King Salmon,King Salmon Village Council Building,Mi .5 King Salmon Heights Road
37,37-724,Koliganek,Koliganek Village Council Bldg,5057 Main Rd
37,37-726,Lake Iliamna No. 1,Newhalen City Hall,
37,37-728,Lake Iliamna No. 2,Kokhanok Community Hall,2 Bayview Drive
37,37-730,Levelock,Levelock Rainbow Hall,
37,37-731,Lower Kalskag,Lower Kalskag Community Hall,69 Main Street
37,37-732,Manokotak,Manokotak City Office,Salmon St
37,37-734,Naknek,Naknek Community Hall,1 Main Street
37,37-736,New Stuyahok,New Stuyahok City Hall,3rd St
37,37-738,Nondalton,Nondalton Community Hall,49 Main Street
37,37-740,Pedro Bay,Pedro Bay Village Council Bldg,2516 Mountain Circle
37,37-742,Port Heiden,Port Heiden Community Building,2200 James St
37,37-744,Sand Point,Sand Point City Hall,249 Main Street
37,37-746,Sleetmute,Sleetmute Community Building,109 Main St
37,37-748,South Naknek,South Naknek Community Hall,113 Airport St
37,37-750,St George Island,St George City Office,
37,37-752,St Paul Island,St Paul City Auditorium,100 Gorbach Rd
37,37-754,Togiak,Togiak City Office,2nd and G St
37,37-756,Tyonek,Tyonek Community Hall,100 A Street
37,37-758,Upper Kalskag,Multi Facility Building Tribal Office,Lot 1 Blk 1 Track C
38,38-800,Akiachak,Akiachak Recreation Building,Main Street
38,38-802,Akiak,Akiak Community Hall,81 Airport Rd
38,38-806,Atmautluak,Atmautluak Community Center,101 Boardwalk Lane
38,38-808,Bethel No. 1,New LocationYupiit Piciyarait Cultural Center,New Location420 Chief Eddie Hoffman Highway
38,38-810,Bethel No. 2,Yupiit Piciryarait Cultural Center,420 Chief Eddie Hoffman Hwy
38,38-812,Chefornak,Chefornak Complex Building,101 Complex Drive
38,38-813,Chevak,Jvp Building,140 Aurora Street
38,38-818,Eek,Eek City Office,2 Council St
38,38-822,Kasigluk,Kasigluk Community Center,1 Tangerpagcayaq Road
38,38-824,Kipnuk,Kanganak Community Hall,101 Council Drive
38,38-826,Kongiganak,Kongiganak Community Center,
38,38-828,Kwethluk,Kwethluk Former High School,254 Jay Hammond Way
38,38-830,Kwigillingok,Kwigillingok Community Hall,
38,38-836,Mekoryuk,Mekoryuk Old City Office,29 Airport Road
38,38-838,Napakiak,Napakiak Bingo Hall,17 Airport Road
38,38-840,Napaskiak,Napaskiak City Office,
38,38-842,Mertarvik,Mertarvik Tribal Office,
38,38-844,Nightmute,Nightmute City Office,Changtaq Street
38,38-846,Nunapitchuk,Ira Gaming Building,103 Johnson Loop
38,38-848,Quinhagak,Qanirtuuq Building,100 Qanirtuuq Dr
38,38-852,Toksook Bay,Billy Lincoln Sr Memorial Bldg,
38,38-854,Tuluksak,Tuluksak Recreation Building,16 Tuluksak Heights
38,38-856,Tuntutuliak,Tuntutuliak Community Hall,101 Patluska Street
38,38-858,Tununak,Tununak Ira Building,77 Main Street
39,39-900,Alakanuk,Alakanuk Community Hall,500 Anderson Street
39,39-902,Brevig MissionUpdated 8/9/22,Multi-Purpose Building,Clarence Road
39,39-906,Diomede,Diomede Community Hall,
39,39-908,Elim,Elim City Building,101 Hillside Street
39,39-910,Emmonak,Emmonak Community Center,09 Emmonak Rd
39,39-912,Gambell,Qerngughvik Community Hall,189 Gravel Street
39,39-914,Golovin,City Office,Amuktoolik St
39,39-916,Hooper Bay,Brown Council Building,2 Tomaganuk Rd
39,39-918,Kotlik,Kotlik City Office,5 Curry St
39,39-920,Koyuk,Koyuk Community Hall,3rd Ave and Birch St
39,39-921,Marshall,Marshall City Office,3230 Yukon Ave
39,39-922,Mountain Village,Mountain Village Community Hall,1St St Marys Road
39,39-924,Nome No. 1,Old St. Joe’s,407 Bering St
39,39-926,Nome No. 2,Old St. Joe’s,407 Bering St
39,39-928,Nunam Iqua,Nunam Iqua Community Hall,27 Main St
39,39-930,Pilot Station,Tutalgaq Community Center,9 Airport Road
39,39-931,Russian Mission,Russian Mission City Office,5111 Main Street
39,39-932,Savoonga,Savoonga Municipal Building,11 Airport Road
39,39-934,Scammon Bay,Scammon Bay Traditional Council,104 Ashinuk Street
39,39-936,Shaktoolik,Shaktoolik City Hall,10 Main Street
39,39-938,Shishmaref,Shishmaref City Office Conference Room,
39,39-940,St Mary’S,St. Mary’s City Hall,174 Paukan Ave
39,39-942,St Michael,St. Michael City Office,100 Baker Street
39,39-944,Stebbins,Stebbins Community Hall,100 Main Street
39,39-946,Teller,Teller Community/Bingo Hall,Grantley Ave
39,39-948,Unalakleet,Aaron Paneok Myles Gonangnan Memorial Hall,270 Main Street
39,39-950,Wales,Wales Multi Purpose Building,500 Airport Junction Rd
39,39-952,White Mountain,New Community Building,101 White Mountain Hill Road
40,40-002,Ambler,Ambler Armory Building,
40,40-004,Anaktuvuk Pass,Anaktuvuk Pass Recreation Bldg,3031 Main St
40,40-006,Atqasuk,Atqasuk Community Building,5010 Ekosik
40,40-008,Utqiagvik,North Slope Borough Building,1274 Agvik St
40,40-010,Browerville,Inupiat Heritage Center,5421 North Star Street
40,40-012,Buckland,Buckland Community Building,49 3rd Ave
40,40-014,Deering,Deering Community Hall,59 Main Street
40,40-016,Kaktovik,Kaktovik Community Hall,2051 Barter Avenue
40,40-018,Kiana,Kiana City Office,
40,40-020,Kivalina,New LocationKivalina Armory Building,New LocationKivalina
40,40-022,Kobuk,Kobuk Community Building,519 Church St
40,40-024,Kotzebue,Northwest Arctic Borough Bldg,163 Lagoon Street
40,40-026,Noatak,Noatak Ira Building,
40,40-028,Noorvik,Noorvik Community Hall,20 Fireweed Drive
40,40-030,Nuiqsut,Kisik Community Center,2230 2nd Ave
40,40-032,Point Hope,Point Hope City Hall,530 Qalgi Street
40,40-034,Point Lay,Point Lay Community Center,
40,40-036,Selawik,Selawik Community Hall,
40,40-038,Shungnak,Coffee House,128 Hall St
40,40-040,Wainwright,New LocationWainwright City Office,New Location
